study_id,sop_instance_uid,series_uid,accession_number,modality,body_part_examined,study_description,institution_name,manufacturer,rows,columns,slice_thickness,pixel_spacing,patient_sex,patient_token,age_band,study_date_shifted,burned_in_annotation_redacted,deid_status,phi_fields_removed
STU-00001,1.2.840.814655221101,1.2.840.600832336208,ACC191161,MRI,SPINE,Lower back pain evaluation,Crestline Diagnostics,Canon Medical,512,512,0.9,0.51\0.84,M,PT-CEE678CD00344335,0-9,2023-10-21,[REDACTED],COMPLETE,"patient_name,patient_id,patient_birth_date,referring_physician,burned_in_annotation,patient_age"
STU-00002,1.2.840.890253050256,1.2.840.8028583755,ACC895667,ULTRASOUND,SPINE,Lower back pain evaluation,Meridian Health Center,Canon Medical,1024,1024,1.2,1.16\0.6,M,PT-CEE678CD00344335,0-9,2026-07-14,,COMPLETE,"patient_name,patient_id,patient_birth_date,referring_physician,burned_in_annotation,patient_age"
STU-00003,1.2.840.135447068293,1.2.840.1017791782220,ACC496922,PET,CHEST,Routine chest screening,Northgate General Hospital,Philips,2048,2048,4.5,0.63\0.47,F,PT-F42E52F5F1763F8D,40-49,2025-02-11,,COMPLETE,"patient_name,patient_id,patient_birth_date,referring_physician,burned_in_annotation,patient_age"
STU-00004,1.2.840.111095701426,1.2.840.306575307735,ACC575435,CT,KNEE,Post-injury knee MRI,Harborview Imaging Institute,GE HealthCare,1024,1024,1.4,0.54\1.14,M,PT-CEE678CD00344335,0-9,2024-07-14,[REDACTED] - [REDACTED-DATE],COMPLETE,"patient_name,patient_id,patient_birth_date,referring_physician,burned_in_annotation,patient_age"
STU-00005,1.2.840.507507949295,1.2.840.297982492151,ACC771088,PET,BREAST,Annual mammography screening,Crestline Diagnostics,GE HealthCare,2048,1024,4.3,1.0\0.51,M,PT-CEE678CD00344335,0-9,2024-08-08,,COMPLETE,"patient_name,patient_id,patient_birth_date,referring_physician,burned_in_annotation,patient_age"
STU-00006,1.2.840.718172762479,1.2.840.435935878833,ACC774079,PET,LUNG,Nodule follow-up scan,Sunstone Medical City,GE HealthCare,1024,512,1.6,0.81\0.54,M,PT-4DF83B6786E45586,30-39,2024-07-28,[REDACTED],COMPLETE,"patient_name,patient_id,patient_birth_date,referring_physician,burned_in_annotation,patient_age"
STU-00007,1.2.840.54785667210,1.2.840.123957493142,ACC260265,ULTRASOUND,BREAST,Annual mammography screening,Meridian Health Center,Canon Medical,2048,512,2.2,0.84\0.72,M,PT-0E2B4AAA9B52D73C,40-49,2023-01-19,,COMPLETE,"patient_name,patient_id,patient_birth_date,referring_physician,burned_in_annotation,patient_age"
STU-00008,1.2.840.173665994394,1.2.840.1948728483,ACC857168,CT,SHOULDER,Rotator cuff evaluation,Harborview Imaging Institute,GE HealthCare,2048,512,4.4,0.57\0.88,F,PT-EC000999714FD6DF,80-89,2024-09-07,[REDACTED],COMPLETE,"patient_name,patient_id,patient_birth_date,referring_physician,burned_in_annotation,patient_age"
STU-00009,1.2.840.3944899549,1.2.840.354759765684,ACC612340,MAMMOGRAPHY,HEAD,Post-trauma head CT,Northgate General Hospital,Siemens Healthineers,1024,1024,1.6,0.52\0.81,M,PT-4DF83B6786E45586,30-39,2025-10-13,,COMPLETE,"patient_name,patient_id,patient_birth_date,referring_physician,burned_in_annotation,patient_age"
STU-00010,1.2.840.722105942877,1.2.840.1041423407902,ACC676510,MAMMOGRAPHY,ABDOMEN,Abdominal pain workup,Meridian Health Center,Philips,2048,2048,2.4,0.49\0.79,M,PT-0E2B4AAA9B52D73C,40-49,2023-03-31,[REDACTED] - [REDACTED-DATE],COMPLETE,"patient_name,patient_id,patient_birth_date,referring_physician,burned_in_annotation,patient_age"
STU-00011,1.2.840.271102648727,1.2.840.69684544463,ACC454508,MAMMOGRAPHY,LIVER,Liver lesion follow-up,Northgate General Hospital,GE HealthCare,2048,512,0.5,0.94\0.35,F,PT-02D0B259E98BD5DD,50-59,2025-08-31,,COMPLETE,"patient_name,patient_id,patient_birth_date,referring_physician,burned_in_annotation,patient_age"
STU-00012,1.2.840.593625626938,1.2.840.795137224815,ACC698782,PET,KNEE,Post-injury knee MRI,Crestline Diagnostics,Canon Medical,512,1024,4.1,0.47\0.39,M,PT-1B03D90702167C14,0-9,2025-06-22,,COMPLETE,"patient_name,patient_id,patient_birth_date,referring_physician,burned_in_annotation,patient_age"
STU-00013,1.2.840.948331323761,1.2.840.271052246567,ACC300896,ULTRASOUND,CHEST,Routine chest screening,Meridian Health Center,Canon Medical,512,1024,1.3,0.72\1.09,M,PT-A413500246BBA7C5,50-59,2025-05-26,,COMPLETE,"patient_name,patient_id,patient_birth_date,referring_physician,burned_in_annotation,patient_age"
STU-00014,1.2.840.534321479802,1.2.840.233995652670,ACC520521,MRI,ABDOMEN,Abdominal pain workup,Northgate General Hospital,GE HealthCare,1024,512,4.9,0.54\1.01,M,PT-88F74FA1087A0DBF,0-9,2023-10-05,,COMPLETE,"patient_name,patient_id,patient_birth_date,referring_physician,burned_in_annotation,patient_age"
STU-00015,1.2.840.237497551698,1.2.840.64290117190,ACC707314,MRI,LIVER,Liver lesion follow-up,Crestline Diagnostics,Siemens Healthineers,2048,1024,0.8,0.83\0.75,M,PT-88F74FA1087A0DBF,0-9,2023-11-22,[REDACTED],COMPLETE,"patient_name,patient_id,patient_birth_date,referring_physician,burned_in_annotation,patient_age"
STU-00016,1.2.840.75570100353,1.2.840.947792820940,ACC346629,MRI,ABDOMEN,Abdominal pain workup,Sunstone Medical City,Siemens Healthineers,2048,512,3.1,0.34\0.37,M,PT-88F74FA1087A0DBF,0-9,2023-03-19,[REDACTED] - [REDACTED-DATE],COMPLETE,"patient_name,patient_id,patient_birth_date,referring_physician,burned_in_annotation,patient_age"
STU-00017,1.2.840.143433808038,1.2.840.711554491388,ACC414569,MRI,SHOULDER,Rotator cuff evaluation,Sunstone Medical City,Philips,512,512,2.6,1.2\1.2,M,PT-84EE6D094045F26F,30-39,2024-06-13,,COMPLETE,"patient_name,patient_id,patient_birth_date,referring_physician,burned_in_annotation,patient_age"
STU-00018,1.2.840.173022703378,1.2.840.916710022432,ACC669605,MRI,ABDOMEN,Abdominal pain workup,Harborview Imaging Institute,Siemens Healthineers,2048,2048,1.8,0.9\1.15,F,PT-B46090F01914ED8F,30-39,2024-12-08,,COMPLETE,"patient_name,patient_id,patient_birth_date,referring_physician,burned_in_annotation,patient_age"
STU-00019,1.2.840.662635097563,1.2.840.786883662637,ACC459536,MRI,BREAST,Annual mammography screening,Meridian Health Center,Philips,2048,1024,1.6,1.12\0.35,F,PT-F42E52F5F1763F8D,40-49,2024-01-25,[REDACTED] - [REDACTED-DATE],COMPLETE,"patient_name,patient_id,patient_birth_date,referring_physician,burned_in_annotation,patient_age"
STU-00020,1.2.840.812442808255,1.2.840.607488057801,ACC839945,PET,HEAD,Post-trauma head CT,Sunstone Medical City,Siemens Healthineers,512,512,4.8,0.92\0.43,F,PT-79CE081AE14197C3,0-9,2024-08-08,,COMPLETE,"patient_name,patient_id,patient_birth_date,referring_physician,burned_in_annotation,patient_age"
STU-00021,1.2.840.394702875840,1.2.840.748226581356,ACC361650,X-RAY,KNEE,Post-injury knee MRI,Northgate General Hospital,Philips,2048,1024,4.9,0.97\1.13,M,PT-1EF32E0FFCAC220B,50-59,2022-09-22,,COMPLETE,"patient_name,patient_id,patient_birth_date,referring_physician,burned_in_annotation,patient_age"
STU-00022,1.2.840.172944613643,1.2.840.772180893759,ACC213346,ULTRASOUND,SHOULDER,Rotator cuff evaluation,Sunstone Medical City,Siemens Healthineers,1024,512,1.4,1.13\0.61,M,PT-68A7BFAD14610618,50-59,2024-08-15,,COMPLETE,"patient_name,patient_id,patient_birth_date,referring_physician,burned_in_annotation,patient_age"
STU-00023,1.2.840.950384363434,1.2.840.1061155081968,ACC910891,ULTRASOUND,SPINE,Lower back pain evaluation,Harborview Imaging Institute,Philips,2048,2048,2.3,1.18\0.78,F,PT-B46090F01914ED8F,30-39,2024-09-15,,COMPLETE,"patient_name,patient_id,patient_birth_date,referring_physician,burned_in_annotation,patient_age"
STU-00024,1.2.840.116128430402,1.2.840.479303623884,ACC462479,MAMMOGRAPHY,HEAD,Post-trauma head CT,Harborview Imaging Institute,Canon Medical,2048,2048,1.0,1.11\0.47,F,PT-EC000999714FD6DF,80-89,2024-07-11,,COMPLETE,"patient_name,patient_id,patient_birth_date,referring_physician,burned_in_annotation,patient_age"
STU-00025,1.2.840.734219825197,1.2.840.364731933573,ACC753425,ULTRASOUND,SHOULDER,Rotator cuff evaluation,Harborview Imaging Institute,Siemens Healthineers,2048,1024,2.8,0.9\0.59,M,PT-BEC5D1342199F035,60-69,2023-08-16,[REDACTED] - [REDACTED-DATE],COMPLETE,"patient_name,patient_id,patient_birth_date,referring_physician,burned_in_annotation,patient_age"
STU-00026,1.2.840.420650658919,1.2.840.823247811948,ACC282480,ULTRASOUND,SPINE,Lower back pain evaluation,Crestline Diagnostics,Philips,1024,2048,4.3,0.57\0.49,M,PT-4DF83B6786E45586,30-39,2026-07-15,[REDACTED],COMPLETE,"patient_name,patient_id,patient_birth_date,referring_physician,burned_in_annotation,patient_age"
STU-00027,1.2.840.991251545653,1.2.840.876000808135,ACC871711,MAMMOGRAPHY,SPINE,Lower back pain evaluation,Meridian Health Center,Siemens Healthineers,1024,2048,3.5,0.86\0.38,F,PT-2E7A7A6B74BA117A,50-59,2025-12-31,,COMPLETE,"patient_name,patient_id,patient_birth_date,referring_physician,burned_in_annotation,patient_age"
STU-00028,1.2.840.934633304951,1.2.840.80610047913,ACC577538,MRI,CHEST,Routine chest screening,Sunstone Medical City,GE HealthCare,2048,2048,2.2,0.66\0.43,M,PT-71326BB43E11DEDF,20-29,2026-01-11,[REDACTED] - [REDACTED-DATE],COMPLETE,"patient_name,patient_id,patient_birth_date,referring_physician,burned_in_annotation,patient_age"
STU-00029,1.2.840.1055720613050,1.2.840.569924601388,ACC587115,MRI,PELVIS,Pelvic pain workup,Northgate General Hospital,GE HealthCare,512,1024,1.1,0.72\0.78,M,PT-0E2B4AAA9B52D73C,40-49,2023-07-12,[REDACTED],COMPLETE,"patient_name,patient_id,patient_birth_date,referring_physician,burned_in_annotation,patient_age"
STU-00030,1.2.840.948086780919,1.2.840.495959950216,ACC371782,ULTRASOUND,BREAST,Annual mammography screening,Meridian Health Center,Philips,2048,1024,3.3,0.55\0.37,F,PT-FFA52ACD8BBB166B,70-79,2023-05-31,,COMPLETE,"patient_name,patient_id,patient_birth_date,referring_physician,burned_in_annotation,patient_age"
STU-00031,1.2.840.163803069319,1.2.840.421900055512,ACC827659,MAMMOGRAPHY,SHOULDER,Rotator cuff evaluation,Meridian Health Center,GE HealthCare,512,1024,2.3,0.79\0.67,F,PT-B46090F01914ED8F,30-39,2023-04-27,,COMPLETE,"patient_name,patient_id,patient_birth_date,referring_physician,burned_in_annotation,patient_age"
STU-00032,1.2.840.1035112441796,1.2.840.327928307068,ACC890075,ULTRASOUND,LUNG,Nodule follow-up scan,Sunstone Medical City,Canon Medical,2048,2048,3.8,1.02\1.11,M,PT-0B45FB0BB74C88E5,70-79,2025-09-10,,COMPLETE,"patient_name,patient_id,patient_birth_date,referring_physician,burned_in_annotation,patient_age"
STU-00033,1.2.840.735883073006,1.2.840.879090220563,ACC523956,CT,LIVER,Liver lesion follow-up,Meridian Health Center,Canon Medical,512,2048,2.9,1.12\0.83,M,PT-68A7BFAD14610618,50-59,2025-05-30,[REDACTED] - [REDACTED-DATE],COMPLETE,"patient_name,patient_id,patient_birth_date,referring_physician,burned_in_annotation,patient_age"
STU-00034,1.2.840.283683812395,1.2.840.358110524275,ACC321941,ULTRASOUND,HEAD,Post-trauma head CT,Sunstone Medical City,Philips,1024,1024,1.8,1.16\0.68,M,PT-68A7BFAD14610618,50-59,2024-04-01,,COMPLETE,"patient_name,patient_id,patient_birth_date,referring_physician,burned_in_annotation,patient_age"
STU-00035,1.2.840.919979248949,1.2.840.682987331574,ACC259784,CT,CHEST,Routine chest screening,Meridian Health Center,GE HealthCare,1024,2048,1.0,1.15\0.72,M,PT-A98F8A7EDE5B6735,40-49,2024-07-09,,COMPLETE,"patient_name,patient_id,patient_birth_date,referring_physician,burned_in_annotation,patient_age"
STU-00036,1.2.840.28255235797,1.2.840.343291956406,ACC703766,X-RAY,HEAD,Post-trauma head CT,Sunstone Medical City,Canon Medical,2048,512,0.8,0.92\0.86,M,PT-1E59EAC5718B3283,70-79,2023-05-18,,COMPLETE,"patient_name,patient_id,patient_birth_date,referring_physician,burned_in_annotation,patient_age"
STU-00037,1.2.840.470439558680,1.2.840.406568138339,ACC172306,CT,LUNG,Nodule follow-up scan,Crestline Diagnostics,Philips,512,1024,4.2,0.39\1.16,M,PT-C4D7C4A60B2E3E9A,80-89,2025-01-02,[REDACTED] - [REDACTED-DATE],COMPLETE,"patient_name,patient_id,patient_birth_date,referring_physician,burned_in_annotation,patient_age"
STU-00038,1.2.840.887408586371,1.2.840.592360247318,ACC912270,PET,BREAST,Annual mammography screening,Sunstone Medical City,Canon Medical,1024,2048,3.2,0.59\0.52,M,PT-2BDFD700FB74B73E,10-19,2024-08-18,,COMPLETE,"patient_name,patient_id,patient_birth_date,referring_physician,burned_in_annotation,patient_age"
STU-00039,1.2.840.737060762325,1.2.840.370994934123,ACC130094,ULTRASOUND,SPINE,Lower back pain evaluation,Sunstone Medical City,Philips,512,1024,1.5,1.02\0.61,M,PT-BEC5D1342199F035,60-69,2026-06-05,[REDACTED],COMPLETE,"patient_name,patient_id,patient_birth_date,referring_physician,burned_in_annotation,patient_age"
STU-00040,1.2.840.611983781912,1.2.840.265249297449,ACC824156,MRI,ABDOMEN,Abdominal pain workup,Sunstone Medical City,Canon Medical,1024,512,0.9,0.5\0.92,M,PT-755CA04542160369,70-79,2025-07-26,,COMPLETE,"patient_name,patient_id,patient_birth_date,referring_physician,burned_in_annotation,patient_age"
STU-00041,1.2.840.387967794459,1.2.840.501234945339,ACC384076,PET,PELVIS,Pelvic pain workup,Harborview Imaging Institute,Philips,512,512,3.7,0.58\0.97,F,PT-BF6FADCB6C654C87,60-69,2025-08-17,[REDACTED] - [REDACTED-DATE],COMPLETE,"patient_name,patient_id,patient_birth_date,referring_physician,burned_in_annotation,patient_age"
STU-00042,1.2.840.837418150636,1.2.840.655088327187,ACC396745,X-RAY,LIVER,Liver lesion follow-up,Northgate General Hospital,GE HealthCare,1024,512,2.1,0.57\0.94,M,PT-1B03D90702167C14,10-19,2026-01-21,,COMPLETE,"patient_name,patient_id,patient_birth_date,referring_physician,burned_in_annotation,patient_age"
STU-00043,1.2.840.956222369014,1.2.840.540104129762,ACC207570,X-RAY,BREAST,Annual mammography screening,Northgate General Hospital,Philips,1024,1024,2.5,0.47\0.35,F,PT-F42E52F5F1763F8D,40-49,2023-04-01,,COMPLETE,"patient_name,patient_id,patient_birth_date,referring_physician,burned_in_annotation,patient_age"
STU-00044,1.2.840.693968021638,1.2.840.58782859546,ACC259097,ULTRASOUND,PELVIS,Pelvic pain workup,Meridian Health Center,Philips,512,512,1.0,0.99\0.85,M,PT-4DF83B6786E45586,30-39,2023-03-23,[REDACTED],COMPLETE,"patient_name,patient_id,patient_birth_date,referring_physician,burned_in_annotation,patient_age"
STU-00045,1.2.840.946169927083,1.2.840.1089154422095,ACC549660,ULTRASOUND,PELVIS,Pelvic pain workup,Harborview Imaging Institute,Siemens Healthineers,2048,2048,0.9,0.99\0.86,M,PT-71326BB43E11DEDF,20-29,2025-11-05,,COMPLETE,"patient_name,patient_id,patient_birth_date,referring_physician,burned_in_annotation,patient_age"
STU-00046,1.2.840.757849142762,1.2.840.517946475170,ACC405407,CT,HEAD,Post-trauma head CT,Northgate General Hospital,GE HealthCare,1024,2048,1.8,1.07\0.36,M,PT-25A4E9EB95DA9571,20-29,2025-07-02,,COMPLETE,"patient_name,patient_id,patient_birth_date,referring_physician,burned_in_annotation,patient_age"
STU-00047,1.2.840.64731212366,1.2.840.868296026728,ACC422554,X-RAY,HEAD,Post-trauma head CT,Crestline Diagnostics,Philips,1024,512,2.6,0.57\0.66,M,PT-10B5824F6B8919F1,50-59,2023-05-04,,COMPLETE,"patient_name,patient_id,patient_birth_date,referring_physician,burned_in_annotation,patient_age"
STU-00048,1.2.840.277470837308,1.2.840.98895336689,ACC340044,PET,PELVIS,Pelvic pain workup,Crestline Diagnostics,Siemens Healthineers,2048,1024,3.1,0.99\0.46,M,PT-734AC82F1A23082D,50-59,2024-04-23,[REDACTED],COMPLETE,"patient_name,patient_id,patient_birth_date,referring_physician,burned_in_annotation,patient_age"
STU-00049,1.2.840.448171080147,1.2.840.353618866942,ACC802685,CT,LIVER,Liver lesion follow-up,Northgate General Hospital,GE HealthCare,1024,1024,3.6,0.56\1.15,F,PT-5746765D2C74E7C6,20-29,2025-11-19,[REDACTED],COMPLETE,"patient_name,patient_id,patient_birth_date,referring_physician,burned_in_annotation,patient_age"
STU-00050,1.2.840.1065649768882,1.2.840.445699699578,ACC639593,X-RAY,SHOULDER,Rotator cuff evaluation,Northgate General Hospital,Canon Medical,1024,512,1.3,0.63\0.98,M,PT-4DF83B6786E45586,30-39,2024-08-15,[REDACTED] - [REDACTED-DATE],COMPLETE,"patient_name,patient_id,patient_birth_date,referring_physician,burned_in_annotation,patient_age"
STU-00051,1.2.840.30586292150,1.2.840.695669368396,ACC738448,ULTRASOUND,KNEE,Post-injury knee MRI,Meridian Health Center,GE HealthCare,1024,2048,0.6,0.67\0.5,M,PT-7A36C1DBDCBA9BBF,20-29,2025-03-28,,COMPLETE,"patient_name,patient_id,patient_birth_date,referring_physician,burned_in_annotation,patient_age"
STU-00052,1.2.840.916612551467,1.2.840.1075814143898,ACC595158,MAMMOGRAPHY,KNEE,Post-injury knee MRI,Meridian Health Center,Canon Medical,2048,512,2.2,1.13\0.76,F,PT-940AD56C75E86B1B,80-89,2024-05-04,,COMPLETE,"patient_name,patient_id,patient_birth_date,referring_physician,burned_in_annotation,patient_age"
STU-00053,1.2.840.647842026084,1.2.840.1097707412425,ACC791998,X-RAY,CHEST,Routine chest screening,Sunstone Medical City,GE HealthCare,1024,2048,2.7,0.6\0.99,F,PT-71898617A74CE33E,50-59,2024-03-19,,COMPLETE,"patient_name,patient_id,patient_birth_date,referring_physician,burned_in_annotation,patient_age"
STU-00054,1.2.840.854080072332,1.2.840.49008905874,ACC433632,ULTRASOUND,LUNG,Nodule follow-up scan,Sunstone Medical City,Canon Medical,1024,2048,4.1,0.89\0.44,M,PT-B8803A5ED6DD23DF,20-29,2024-08-13,,COMPLETE,"patient_name,patient_id,patient_birth_date,referring_physician,burned_in_annotation,patient_age"
STU-00055,1.2.840.1002986322660,1.2.840.14847393047,ACC857537,ULTRASOUND,ABDOMEN,Abdominal pain workup,Meridian Health Center,Canon Medical,2048,512,0.8,1.0\0.54,M,PT-C4D7C4A60B2E3E9A,80-89,2023-08-14,[REDACTED],COMPLETE,"patient_name,patient_id,patient_birth_date,referring_physician,burned_in_annotation,patient_age"
STU-00056,1.2.840.596452343376,1.2.840.678759018230,ACC171744,PET,SHOULDER,Rotator cuff evaluation,Meridian Health Center,Philips,512,2048,0.9,1.18\0.98,F,PT-338C3C38A8E3629B,40-49,2026-03-13,[REDACTED] - [REDACTED-DATE],COMPLETE,"patient_name,patient_id,patient_birth_date,referring_physician,burned_in_annotation,patient_age"
STU-00057,1.2.840.63548952306,1.2.840.392102028955,ACC493049,CT,CHEST,Routine chest screening,Sunstone Medical City,GE HealthCare,512,2048,2.4,0.91\0.46,F,PT-81D79182F978534F,20-29,2024-06-08,,COMPLETE,"patient_name,patient_id,patient_birth_date,referring_physician,burned_in_annotation,patient_age"
STU-00058,1.2.840.1002864844524,1.2.840.157123463473,ACC343467,PET,LUNG,Nodule follow-up scan,Sunstone Medical City,Philips,1024,1024,3.5,1.11\0.72,F,PT-BF6FADCB6C654C87,50-59,2023-11-22,,COMPLETE,"patient_name,patient_id,patient_birth_date,referring_physician,burned_in_annotation,patient_age"
STU-00059,1.2.840.467988351366,1.2.840.277842780911,ACC579027,X-RAY,LUNG,Nodule follow-up scan,Harborview Imaging Institute,GE HealthCare,1024,1024,1.0,0.64\0.62,F,PT-F5AA886F16B4C377,10-19,2026-12-26,,COMPLETE,"patient_name,patient_id,patient_birth_date,referring_physician,burned_in_annotation,patient_age"
STU-00060,1.2.840.755334712984,1.2.840.819386609179,ACC151426,CT,KNEE,Post-injury knee MRI,Crestline Diagnostics,Canon Medical,1024,512,3.2,0.62\0.87,F,PT-85502184200D0E01,0-9,2026-07-16,[REDACTED],COMPLETE,"patient_name,patient_id,patient_birth_date,referring_physician,burned_in_annotation,patient_age"
STU-00061,1.2.840.339471735070,1.2.840.484423393396,ACC134985,PET,ABDOMEN,Abdominal pain workup,Crestline Diagnostics,Philips,2048,512,0.9,0.57\0.97,M,PT-88F74FA1087A0DBF,0-9,2026-06-14,,COMPLETE,"patient_name,patient_id,patient_birth_date,referring_physician,burned_in_annotation,patient_age"
STU-00062,1.2.840.300276140106,1.2.840.183955479193,ACC369452,MAMMOGRAPHY,SHOULDER,Rotator cuff evaluation,Sunstone Medical City,Philips,2048,1024,4.1,0.72\0.37,F,PT-81D79182F978534F,20-29,2025-06-06,,COMPLETE,"patient_name,patient_id,patient_birth_date,referring_physician,burned_in_annotation,patient_age"
STU-00063,1.2.840.135448546713,1.2.840.405680216951,ACC805511,CT,PELVIS,Pelvic pain workup,Harborview Imaging Institute,Canon Medical,2048,1024,1.0,0.51\0.32,M,PT-03554A35CAC35C40,70-79,2024-08-06,[REDACTED],COMPLETE,"patient_name,patient_id,patient_birth_date,referring_physician,burned_in_annotation,patient_age"
STU-00064,1.2.840.772704936140,1.2.840.714262468039,ACC528129,PET,ABDOMEN,Abdominal pain workup,Northgate General Hospital,GE HealthCare,512,512,1.9,0.74\0.39,M,PT-BEC5D1342199F035,60-69,2025-10-31,[REDACTED],COMPLETE,"patient_name,patient_id,patient_birth_date,referring_physician,burned_in_annotation,patient_age"
STU-00065,1.2.840.646045230097,1.2.840.802051938183,ACC262029,PET,SHOULDER,Rotator cuff evaluation,Sunstone Medical City,Siemens Healthineers,1024,2048,2.3,1.16\0.33,M,PT-7A36C1DBDCBA9BBF,20-29,2025-07-20,,COMPLETE,"patient_name,patient_id,patient_birth_date,referring_physician,burned_in_annotation,patient_age"
STU-00066,1.2.840.755832329275,1.2.840.598578145774,ACC776149,X-RAY,SPINE,Lower back pain evaluation,Harborview Imaging Institute,Siemens Healthineers,1024,1024,1.4,0.41\1.06,F,PT-5746765D2C74E7C6,20-29,2023-10-22,,COMPLETE,"patient_name,patient_id,patient_birth_date,referring_physician,burned_in_annotation,patient_age"
STU-00067,1.2.840.368451477211,1.2.840.1087672846307,ACC232040,CT,LUNG,Nodule follow-up scan,Crestline Diagnostics,GE HealthCare,512,2048,1.4,0.49\1.08,M,PT-68A7BFAD14610618,40-49,2023-07-07,,COMPLETE,"patient_name,patient_id,patient_birth_date,referring_physician,burned_in_annotation,patient_age"
STU-00068,1.2.840.726321603086,1.2.840.29491169126,ACC238205,X-RAY,BREAST,Annual mammography screening,Northgate General Hospital,Philips,512,2048,2.0,0.46\0.35,M,PT-D9D40D726263BAB3,30-39,2024-06-02,[REDACTED] - [REDACTED-DATE],COMPLETE,"patient_name,patient_id,patient_birth_date,referring_physician,burned_in_annotation,patient_age"
STU-00069,1.2.840.494389622444,1.2.840.242682139286,ACC744986,MAMMOGRAPHY,SHOULDER,Rotator cuff evaluation,Northgate General Hospital,Philips,1024,2048,4.8,0.35\0.73,F,PT-515D0540A532F5F9,0-9,2026-08-27,,COMPLETE,"patient_name,patient_id,patient_birth_date,referring_physician,burned_in_annotation,patient_age"
STU-00070,1.2.840.161526407509,1.2.840.137721056529,ACC388375,CT,ABDOMEN,Abdominal pain workup,Crestline Diagnostics,Philips,1024,2048,2.9,0.71\0.84,F,PT-538E9DA09AFE3337,60-69,2024-12-02,,COMPLETE,"patient_name,patient_id,patient_birth_date,referring_physician,burned_in_annotation,patient_age"
STU-00071,1.2.840.371144503217,1.2.840.501769944847,ACC518098,ULTRASOUND,PELVIS,Pelvic pain workup,Sunstone Medical City,Siemens Healthineers,1024,1024,1.9,0.53\1.16,M,PT-5EA140B6DF689518,80-89,2023-12-01,[REDACTED] - [REDACTED-DATE],COMPLETE,"patient_name,patient_id,patient_birth_date,referring_physician,burned_in_annotation,patient_age"
STU-00072,1.2.840.145220443325,1.2.840.66814103555,ACC714953,CT,PELVIS,Pelvic pain workup,Crestline Diagnostics,Philips,2048,512,2.3,1.09\1.15,M,PT-B8FEEE2247BFA4E0,10-19,2024-12-15,,COMPLETE,"patient_name,patient_id,patient_birth_date,referring_physician,burned_in_annotation,patient_age"
STU-00073,1.2.840.234107554294,1.2.840.722219066762,ACC605612,CT,SHOULDER,Rotator cuff evaluation,Meridian Health Center,Siemens Healthineers,1024,2048,2.2,0.99\0.82,F,PT-632D1D8D2501C6BB,30-39,2026-01-11,,COMPLETE,"patient_name,patient_id,patient_birth_date,referring_physician,burned_in_annotation,patient_age"
STU-00074,1.2.840.840536690954,1.2.840.1010644393664,ACC456331,MRI,CHEST,Routine chest screening,Harborview Imaging Institute,Siemens Healthineers,512,512,3.0,0.66\0.43,F,PT-805F9BE8C8E6DAC9,70-79,2025-01-04,[REDACTED] - [REDACTED-DATE],COMPLETE,"patient_name,patient_id,patient_birth_date,referring_physician,burned_in_annotation,patient_age"
STU-00075,1.2.840.404402993506,1.2.840.791612454760,ACC440140,ULTRASOUND,PELVIS,Pelvic pain workup,Crestline Diagnostics,Siemens Healthineers,512,512,1.2,0.86\0.91,F,PT-EDF6E80D3BE7D3D6,60-69,2024-12-13,,COMPLETE,"patient_name,patient_id,patient_birth_date,referring_physician,burned_in_annotation,patient_age"
STU-00076,1.2.840.565883171878,1.2.840.378445964518,ACC550797,X-RAY,PELVIS,Pelvic pain workup,Northgate General Hospital,Philips,2048,2048,3.2,0.77\0.58,F,PT-71F7F1899E96BFF3,60-69,2024-07-28,,COMPLETE,"patient_name,patient_id,patient_birth_date,referring_physician,burned_in_annotation,patient_age"
STU-00077,1.2.840.318925027836,1.2.840.130258293666,ACC108105,MRI,SPINE,Lower back pain evaluation,Sunstone Medical City,Canon Medical,512,512,2.2,0.93\0.75,F,PT-ECE219E8DB07A7D0,0-9,2026-07-08,[REDACTED] - [REDACTED-DATE],COMPLETE,"patient_name,patient_id,patient_birth_date,referring_physician,burned_in_annotation,patient_age"
STU-00078,1.2.840.347300118003,1.2.840.470624302032,ACC701253,ULTRASOUND,CHEST,Routine chest screening,Sunstone Medical City,Canon Medical,1024,512,2.3,1.17\0.45,F,PT-E4491451DE3BEE08,40-49,2023-06-16,[REDACTED],COMPLETE,"patient_name,patient_id,patient_birth_date,referring_physician,burned_in_annotation,patient_age"
STU-00079,1.2.840.577245536519,1.2.840.434129483583,ACC425346,ULTRASOUND,SPINE,Lower back pain evaluation,Harborview Imaging Institute,GE HealthCare,1024,512,0.8,0.87\0.78,M,PT-DA0B89929EC7526D,10-19,2026-03-31,,COMPLETE,"patient_name,patient_id,patient_birth_date,referring_physician,burned_in_annotation,patient_age"
STU-00080,1.2.840.215847739947,1.2.840.662170136218,ACC260295,CT,SPINE,Lower back pain evaluation,Northgate General Hospital,GE HealthCare,2048,1024,2.6,0.81\0.82,M,PT-E8FBF22D38C01C80,40-49,2023-09-22,[REDACTED] - [REDACTED-DATE],COMPLETE,"patient_name,patient_id,patient_birth_date,referring_physician,burned_in_annotation,patient_age"
STU-00081,1.2.840.693389003818,1.2.840.873178964946,ACC388016,CT,LIVER,Liver lesion follow-up,Crestline Diagnostics,Siemens Healthineers,1024,2048,0.8,0.72\0.33,M,PT-BA057972B9C679E8,80-89,2025-02-24,,COMPLETE,"patient_name,patient_id,patient_birth_date,referring_physician,burned_in_annotation,patient_age"
STU-00082,1.2.840.871681786757,1.2.840.986721152489,ACC143015,MAMMOGRAPHY,LIVER,Liver lesion follow-up,Sunstone Medical City,GE HealthCare,1024,2048,2.6,0.44\0.36,F,PT-A9CE305F83328FEE,80-89,2026-06-01,,COMPLETE,"patient_name,patient_id,patient_birth_date,referring_physician,burned_in_annotation,patient_age"
STU-00083,1.2.840.485292589726,1.2.840.573481507677,ACC739427,MRI,CHEST,Routine chest screening,Meridian Health Center,Philips,1024,1024,2.2,1.0\0.91,M,PT-24506D0A0D22AA1A,10-19,2025-10-26,,COMPLETE,"patient_name,patient_id,patient_birth_date,referring_physician,burned_in_annotation,patient_age"
STU-00084,1.2.840.276098308926,1.2.840.939411282895,ACC788457,PET,BREAST,Annual mammography screening,Crestline Diagnostics,GE HealthCare,1024,512,3.1,0.43\0.61,M,PT-719E7432FDFD2FBF,0-9,2024-10-06,[REDACTED] - [REDACTED-DATE],COMPLETE,"patient_name,patient_id,patient_birth_date,referring_physician,burned_in_annotation,patient_age"
STU-00085,1.2.840.870347176290,1.2.840.894763993623,ACC234001,MAMMOGRAPHY,KNEE,Post-injury knee MRI,Crestline Diagnostics,Siemens Healthineers,2048,2048,2.4,0.63\0.63,M,PT-22483AD066C54969,10-19,2024-11-18,,COMPLETE,"patient_name,patient_id,patient_birth_date,referring_physician,burned_in_annotation,patient_age"
STU-00086,1.2.840.928983353324,1.2.840.110759132777,ACC632351,MRI,HEAD,Post-trauma head CT,Crestline Diagnostics,Siemens Healthineers,2048,1024,4.4,0.86\0.84,M,PT-CF9E6D0D4B728054,50-59,2023-07-20,,COMPLETE,"patient_name,patient_id,patient_birth_date,referring_physician,burned_in_annotation,patient_age"
STU-00087,1.2.840.451159223644,1.2.840.744593996265,ACC854540,MRI,LUNG,Nodule follow-up scan,Meridian Health Center,Canon Medical,2048,1024,3.9,1.01\0.51,M,PT-24506D0A0D22AA1A,10-19,2025-10-26,,COMPLETE,"patient_name,patient_id,patient_birth_date,referring_physician,burned_in_annotation,patient_age"
STU-00088,1.2.840.1042295391255,1.2.840.1084781691224,ACC561999,MRI,LIVER,Liver lesion follow-up,Sunstone Medical City,Philips,1024,2048,2.9,1.17\1.04,M,PT-BA057972B9C679E8,70-79,2024-08-01,[REDACTED],COMPLETE,"patient_name,patient_id,patient_birth_date,referring_physician,burned_in_annotation,patient_age"
STU-00089,1.2.840.411776196814,1.2.840.1028878918106,ACC207573,PET,CHEST,Routine chest screening,Crestline Diagnostics,Siemens Healthineers,1024,512,3.9,0.55\1.11,M,PT-71326BB43E11DEDF,20-29,2026-01-22,,COMPLETE,"patient_name,patient_id,patient_birth_date,referring_physician,burned_in_annotation,patient_age"
STU-00090,1.2.840.551458570697,1.2.840.259304190129,ACC504924,ULTRASOUND,CHEST,Routine chest screening,Northgate General Hospital,Philips,512,512,1.9,0.39\0.94,F,PT-E9650319AD891A78,20-29,2023-08-17,,COMPLETE,"patient_name,patient_id,patient_birth_date,referring_physician,burned_in_annotation,patient_age"
STU-00091,1.2.840.676236594141,1.2.840.992159999075,ACC183074,PET,HEAD,Post-trauma head CT,Northgate General Hospital,Philips,512,512,3.0,0.95\0.77,F,PT-97E8B5D4B9E0A9A8,0-9,2025-12-22,,COMPLETE,"patient_name,patient_id,patient_birth_date,referring_physician,burned_in_annotation,patient_age"
STU-00092,1.2.840.686309570762,1.2.840.70682764789,ACC216242,ULTRASOUND,SPINE,Lower back pain evaluation,Sunstone Medical City,Siemens Healthineers,2048,2048,3.1,0.95\0.56,M,PT-8E72C6962AEB1F5D,30-39,2026-02-28,,COMPLETE,"patient_name,patient_id,patient_birth_date,referring_physician,burned_in_annotation,patient_age"
STU-00093,1.2.840.1048262700697,1.2.840.599259862247,ACC631971,MAMMOGRAPHY,ABDOMEN,Abdominal pain workup,Crestline Diagnostics,Siemens Healthineers,1024,1024,0.7,0.65\0.64,M,PT-84E85FDF4BF26680,70-79,2025-03-19,[REDACTED] - [REDACTED-DATE],COMPLETE,"patient_name,patient_id,patient_birth_date,referring_physician,burned_in_annotation,patient_age"
STU-00094,1.2.840.724702463434,1.2.840.114367492808,ACC908977,X-RAY,ABDOMEN,Abdominal pain workup,Crestline Diagnostics,Philips,512,512,2.1,0.6\0.88,M,PT-E8FBF22D38C01C80,40-49,2024-04-03,[REDACTED] - [REDACTED-DATE],COMPLETE,"patient_name,patient_id,patient_birth_date,referring_physician,burned_in_annotation,patient_age"
STU-00095,1.2.840.322281391379,1.2.840.48110466984,ACC929538,PET,ABDOMEN,Abdominal pain workup,Meridian Health Center,Siemens Healthineers,1024,1024,2.8,1.19\0.79,M,PT-D850C7AA2CF53667,80-89,2025-02-01,,COMPLETE,"patient_name,patient_id,patient_birth_date,referring_physician,burned_in_annotation,patient_age"
STU-00096,1.2.840.858401348691,1.2.840.949393089156,ACC787584,X-RAY,SPINE,Lower back pain evaluation,Harborview Imaging Institute,Philips,512,1024,2.5,0.66\0.7,M,PT-5EA140B6DF689518,80-89,2024-08-21,,COMPLETE,"patient_name,patient_id,patient_birth_date,referring_physician,burned_in_annotation,patient_age"
STU-00097,1.2.840.1015190024875,1.2.840.570360021335,ACC379676,PET,LIVER,Liver lesion follow-up,Northgate General Hospital,Canon Medical,512,1024,3.2,1.04\0.79,F,PT-79CE081AE14197C3,0-9,2025-12-03,,COMPLETE,"patient_name,patient_id,patient_birth_date,referring_physician,burned_in_annotation,patient_age"
STU-00098,1.2.840.788567255357,1.2.840.182218781039,ACC823270,X-RAY,KNEE,Post-injury knee MRI,Sunstone Medical City,Philips,1024,512,3.8,1.12\0.85,M,PT-1E59EAC5718B3283,70-79,2025-04-09,,COMPLETE,"patient_name,patient_id,patient_birth_date,referring_physician,burned_in_annotation,patient_age"
STU-00099,1.2.840.401176618180,1.2.840.882671983350,ACC886325,CT,CHEST,Routine chest screening,Meridian Health Center,Siemens Healthineers,512,2048,3.6,0.69\0.41,M,PT-E8FBF22D38C01C80,40-49,2026-06-24,,COMPLETE,"patient_name,patient_id,patient_birth_date,referring_physician,burned_in_annotation,patient_age"
STU-00100,1.2.840.407802091871,1.2.840.486929089756,ACC900152,MRI,LUNG,Nodule follow-up scan,Northgate General Hospital,GE HealthCare,2048,1024,2.3,0.88\0.52,M,PT-92E5DF8C1E4430D4,40-49,2025-10-02,,COMPLETE,"patient_name,patient_id,patient_birth_date,referring_physician,burned_in_annotation,patient_age"
STU-00101,1.2.840.618103958517,1.2.840.288268588472,ACC912609,MAMMOGRAPHY,LIVER,Liver lesion follow-up,Harborview Imaging Institute,Canon Medical,512,2048,1.8,1.12\0.74,F,PT-79CE081AE14197C3,0-9,2025-04-21,,COMPLETE,"patient_name,patient_id,patient_birth_date,referring_physician,burned_in_annotation,patient_age"
STU-00102,1.2.840.98772489942,1.2.840.750805437251,ACC986593,MRI,LIVER,Liver lesion follow-up,Harborview Imaging Institute,Philips,2048,512,3.0,0.56\0.57,F,PT-EC000999714FD6DF,80-89,2025-07-14,,COMPLETE,"patient_name,patient_id,patient_birth_date,referring_physician,burned_in_annotation,patient_age"
STU-00103,1.2.840.868600167952,1.2.840.27891611849,ACC478427,MRI,ABDOMEN,Abdominal pain workup,Crestline Diagnostics,Philips,1024,2048,1.1,1.1\0.36,M,PT-279ABC9D0D9AFBD3,40-49,2023-04-27,,COMPLETE,"patient_name,patient_id,patient_birth_date,referring_physician,burned_in_annotation,patient_age"
STU-00104,1.2.840.352068690122,1.2.840.80068234568,ACC571832,CT,LUNG,Nodule follow-up scan,Sunstone Medical City,Philips,512,2048,3.4,0.46\1.17,F,PT-884F0E130D0A323F,60-69,2023-11-02,,COMPLETE,"patient_name,patient_id,patient_birth_date,referring_physician,burned_in_annotation,patient_age"
STU-00105,1.2.840.1027883001093,1.2.840.247859694204,ACC462831,MRI,KNEE,Post-injury knee MRI,Crestline Diagnostics,Philips,512,1024,1.4,1.16\0.55,M,PT-DCF937CE10EB0B40,10-19,2024-03-26,[REDACTED] - [REDACTED-DATE],COMPLETE,"patient_name,patient_id,patient_birth_date,referring_physician,burned_in_annotation,patient_age"
STU-00106,1.2.840.1037628916245,1.2.840.169997582302,ACC279516,PET,BREAST,Annual mammography screening,Crestline Diagnostics,Philips,2048,512,4.2,0.33\0.34,F,PT-79CE081AE14197C3,0-9,2024-01-30,[REDACTED] MD - [REDACTED-DATE],COMPLETE,"patient_name,patient_id,patient_birth_date,referring_physician,burned_in_annotation,patient_age"
STU-00107,1.2.840.977096633354,1.2.840.599694103067,ACC403742,PET,LUNG,Nodule follow-up scan,Harborview Imaging Institute,Canon Medical,512,2048,2.3,0.71\0.92,F,PT-C083BC628EA229B5,80-89,2022-12-03,,COMPLETE,"patient_name,patient_id,patient_birth_date,referring_physician,burned_in_annotation,patient_age"
STU-00108,1.2.840.789679065378,1.2.840.804530337806,ACC462147,MRI,LUNG,Nodule follow-up scan,Sunstone Medical City,GE HealthCare,1024,2048,3.0,0.59\0.72,F,PT-61FA6D5A3A315801,50-59,2024-06-12,,COMPLETE,"patient_name,patient_id,patient_birth_date,referring_physician,burned_in_annotation,patient_age"
STU-00109,1.2.840.1057628267530,1.2.840.991558945484,ACC267457,MAMMOGRAPHY,PELVIS,Pelvic pain workup,Harborview Imaging Institute,Philips,512,512,2.7,0.76\0.75,F,PT-AA594E87606876D6,10-19,2025-10-21,,COMPLETE,"patient_name,patient_id,patient_birth_date,referring_physician,burned_in_annotation,patient_age"
STU-00110,1.2.840.53055280441,1.2.840.309454714700,ACC618934,MRI,SPINE,Lower back pain evaluation,Crestline Diagnostics,Canon Medical,1024,2048,0.5,0.4\0.42,F,PT-27BBC79475156162,50-59,2026-03-12,,COMPLETE,"patient_name,patient_id,patient_birth_date,referring_physician,burned_in_annotation,patient_age"
STU-00111,1.2.840.395973029385,1.2.840.315908686997,ACC177103,MAMMOGRAPHY,CHEST,Routine chest screening,Sunstone Medical City,Canon Medical,2048,1024,4.2,0.86\0.85,F,PT-CA302094FFAF2D87,40-49,2026-01-06,,COMPLETE,"patient_name,patient_id,patient_birth_date,referring_physician,burned_in_annotation,patient_age"
STU-00112,1.2.840.440273328737,1.2.840.45097491216,ACC147504,MRI,HEAD,Post-trauma head CT,Northgate General Hospital,GE HealthCare,2048,1024,4.1,0.77\0.43,F,PT-F4F43AD8B439594E,40-49,2025-12-22,[REDACTED],COMPLETE,"patient_name,patient_id,patient_birth_date,referring_physician,burned_in_annotation,patient_age"
STU-00113,1.2.840.926593321117,1.2.840.649825263396,ACC452713,ULTRASOUND,HEAD,Post-trauma head CT,Crestline Diagnostics,Canon Medical,2048,2048,1.8,1.03\0.63,F,PT-538E9DA09AFE3337,60-69,2026-07-28,[REDACTED] - [REDACTED-DATE],COMPLETE,"patient_name,patient_id,patient_birth_date,referring_physician,burned_in_annotation,patient_age"
STU-00114,1.2.840.652949477651,1.2.840.289801158279,ACC787436,X-RAY,LUNG,Nodule follow-up scan,Crestline Diagnostics,GE HealthCare,2048,512,3.1,0.45\0.87,M,PT-24506D0A0D22AA1A,10-19,2026-11-22,[REDACTED],COMPLETE,"patient_name,patient_id,patient_birth_date,referring_physician,burned_in_annotation,patient_age"
STU-00115,1.2.840.17999281655,1.2.840.345491629910,ACC539122,MAMMOGRAPHY,CHEST,Routine chest screening,Meridian Health Center,Canon Medical,2048,512,2.3,1.0\1.13,M,PT-F928468B905E8124,10-19,2023-03-27,Mrs. [REDACTED] MD - [REDACTED-DATE],COMPLETE,"patient_name,patient_id,patient_birth_date,referring_physician,burned_in_annotation,patient_age"
STU-00116,1.2.840.1049319577344,1.2.840.503254986487,ACC659024,MAMMOGRAPHY,LIVER,Liver lesion follow-up,Harborview Imaging Institute,Philips,2048,2048,3.6,1.02\0.54,F,PT-3F3ADCFDCF3BBD0C,60-69,2025-04-21,,COMPLETE,"patient_name,patient_id,patient_birth_date,referring_physician,burned_in_annotation,patient_age"
STU-00117,1.2.840.1036052914889,1.2.840.1082215410611,ACC412071,MAMMOGRAPHY,KNEE,Post-injury knee MRI,Harborview Imaging Institute,GE HealthCare,2048,2048,2.7,0.73\0.8,F,PT-71898617A74CE33E,50-59,2024-03-19,[REDACTED] - [REDACTED-DATE],COMPLETE,"patient_name,patient_id,patient_birth_date,referring_physician,burned_in_annotation,patient_age"
STU-00118,1.2.840.985178284877,1.2.840.438001454361,ACC958130,PET,LUNG,Nodule follow-up scan,Harborview Imaging Institute,GE HealthCare,1024,512,1.8,0.94\0.61,F,PT-2E7A7A6B74BA117A,50-59,2026-05-23,,COMPLETE,"patient_name,patient_id,patient_birth_date,referring_physician,burned_in_annotation,patient_age"
STU-00119,1.2.840.116553699857,1.2.840.814393131662,ACC715336,PET,BREAST,Annual mammography screening,Meridian Health Center,GE HealthCare,512,2048,4.6,0.5\0.51,F,PT-BD5DEFBD88CF4062,20-29,2024-10-02,,COMPLETE,"patient_name,patient_id,patient_birth_date,referring_physician,burned_in_annotation,patient_age"
STU-00120,1.2.840.719007192634,1.2.840.970383573878,ACC598807,MAMMOGRAPHY,CHEST,Routine chest screening,Sunstone Medical City,GE HealthCare,1024,1024,1.8,0.35\0.99,M,PT-E4D45BABDB57ACBC,10-19,2024-03-04,[REDACTED] - [REDACTED-DATE],COMPLETE,"patient_name,patient_id,patient_birth_date,referring_physician,burned_in_annotation,patient_age"
