study_id,sop_instance_uid,series_uid,accession_number,modality,body_part_examined,study_date,study_description,institution_name,manufacturer,rows,columns,slice_thickness,pixel_spacing,patient_name,patient_id,patient_birth_date,patient_sex,patient_age,referring_physician,burned_in_annotation
STU-00001,1.2.840.814655221101,1.2.840.600832336208,ACC191161,MRI,SPINE,2023-07-29,Lower back pain evaluation,Crestline Diagnostics,Canon Medical,512,512,0.9,0.51\0.84,Allison Hill,MRN2867825,2022-05-13,M,001Y,Dr. Walker,PT: Doyle
STU-00002,1.2.840.890253050256,1.2.840.8028583755,ACC895667,ULTRASOUND,SPINE,2026-04-21,Lower back pain evaluation,Meridian Health Center,Canon Medical,1024,1024,1.2,1.16\0.6,Allison Hill,MRN2867825,2022-05-13,M,003Y,Dr. Henderson,
STU-00003,1.2.840.135447068293,1.2.840.1017791782220,ACC496922,PET,CHEST,2025-07-29,Routine chest screening,Northgate General Hospital,Philips,2048,2048,4.5,0.63\0.47,Matthew Gardner,MRN7022674,1980-12-05,F,044Y,Dr. Robinson,
STU-00004,1.2.840.111095701426,1.2.840.306575307735,ACC575435,CT,KNEE,2024-04-21,Post-injury knee MRI,Harborview Imaging Institute,GE HealthCare,1024,1024,1.4,0.54\1.14,Allison Hill,MRN2867825,2022-05-13,M,001Y,Dr. Wolfe,Tyler Rogers - 2024-04-21
STU-00005,1.2.840.507507949295,1.2.840.297982492151,ACC771088,PET,BREAST,2024-05-16,Annual mammography screening,Crestline Diagnostics,GE HealthCare,2048,1024,4.3,1.0\0.51,Allison Hill,MRN2867825,2022-05-13,M,002Y,Dr. Davis,
STU-00006,1.2.840.718172762479,1.2.840.435935878833,ACC774079,PET,LUNG,2024-10-06,Nodule follow-up scan,Sunstone Medical City,GE HealthCare,1024,512,1.6,0.81\0.54,Kimberly Dudley,MRN7730428,1991-09-05,M,033Y,Dr. Gray,PT: Arnold
STU-00007,1.2.840.54785667210,1.2.840.123957493142,ACC260265,ULTRASOUND,BREAST,2023-07-06,Annual mammography screening,Meridian Health Center,Canon Medical,2048,512,2.2,0.84\0.72,Michele Williams,MRN7700828,1979-06-21,M,044Y,Dr. Perez,
STU-00008,1.2.840.173665994394,1.2.840.1948728483,ACC857168,CT,SHOULDER,2024-08-24,Rotator cuff evaluation,Harborview Imaging Institute,GE HealthCare,2048,512,4.4,0.57\0.88,Mark Diaz,MRN1192619,1938-08-24,F,086Y,Dr. Wood,PT: Clark
STU-00009,1.2.840.3944899549,1.2.840.354759765684,ACC612340,MAMMOGRAPHY,HEAD,2025-12-22,Post-trauma head CT,Northgate General Hospital,Siemens Healthineers,1024,1024,1.6,0.52\0.81,Kimberly Dudley,MRN7730428,1991-09-05,M,034Y,Dr. Lynch,
STU-00010,1.2.840.722105942877,1.2.840.1041423407902,ACC676510,MAMMOGRAPHY,ABDOMEN,2023-09-15,Abdominal pain workup,Meridian Health Center,Philips,2048,2048,2.4,0.49\0.79,Michele Williams,MRN7700828,1979-06-21,M,044Y,Dr. Mayo,Melinda Cameron - 2023-09-15
STU-00011,1.2.840.271102648727,1.2.840.69684544463,ACC454508,MAMMOGRAPHY,LIVER,2025-07-13,Liver lesion follow-up,Northgate General Hospital,GE HealthCare,2048,512,0.5,0.94\0.35,Crystal Johnson,MRN6229731,1973-11-03,F,051Y,Dr. Stewart,
STU-00012,1.2.840.593625626938,1.2.840.795137224815,ACC698782,PET,KNEE,2025-09-21,Post-injury knee MRI,Crestline Diagnostics,Canon Medical,512,1024,4.1,0.47\0.39,Matthew Foster,MRN6543670,2016-01-12,M,009Y,Dr. Rocha,
STU-00013,1.2.840.948331323761,1.2.840.271052246567,ACC300896,ULTRASOUND,CHEST,2024-11-25,Routine chest screening,Meridian Health Center,Canon Medical,512,1024,1.3,0.72\1.09,Kevin Hurst,MRN7897151,1966-09-17,M,058Y,Dr. Ross,
STU-00014,1.2.840.534321479802,1.2.840.233995652670,ACC520521,MRI,ABDOMEN,2023-12-07,Abdominal pain workup,Northgate General Hospital,GE HealthCare,1024,512,4.9,0.54\1.01,Rebecca Henderson,MRN2642635,2018-11-02,M,005Y,Dr. Brown,
STU-00015,1.2.840.237497551698,1.2.840.64290117190,ACC707314,MRI,LIVER,2024-01-24,Liver lesion follow-up,Crestline Diagnostics,Siemens Healthineers,2048,1024,0.8,0.83\0.75,Rebecca Henderson,MRN2642635,2018-11-02,M,005Y,Dr. Smith,PT: Le
STU-00016,1.2.840.75570100353,1.2.840.947792820940,ACC346629,MRI,ABDOMEN,2023-05-21,Abdominal pain workup,Sunstone Medical City,Siemens Healthineers,2048,512,3.1,0.34\0.37,Rebecca Henderson,MRN2642635,2018-11-02,M,004Y,Dr. Davidson,Jesse Mckay - 2023-05-21
STU-00017,1.2.840.143433808038,1.2.840.711554491388,ACC414569,MRI,SHOULDER,2024-06-27,Rotator cuff evaluation,Sunstone Medical City,Philips,512,512,2.6,1.2\1.2,Deborah Mason,MRN9770838,1985-05-29,M,039Y,Dr. White,
STU-00018,1.2.840.173022703378,1.2.840.916710022432,ACC669605,MRI,ABDOMEN,2025-01-26,Abdominal pain workup,Harborview Imaging Institute,Siemens Healthineers,2048,2048,1.8,0.9\1.15,Brittany Farmer,MRN9487336,1992-08-01,F,032Y,Dr. Ryan,
STU-00019,1.2.840.662635097563,1.2.840.786883662637,ACC459536,MRI,BREAST,2024-07-11,Annual mammography screening,Meridian Health Center,Philips,2048,1024,1.6,1.12\0.35,Matthew Gardner,MRN7022674,1980-12-05,F,043Y,Dr. Smith,Sandra Parker - 2024-07-11
STU-00020,1.2.840.812442808255,1.2.840.607488057801,ACC839945,PET,HEAD,2024-06-20,Post-trauma head CT,Sunstone Medical City,Siemens Healthineers,512,512,4.8,0.92\0.43,Shawn Arroyo,MRN5641923,2020-09-29,F,003Y,Dr. Miller,
STU-00021,1.2.840.394702875840,1.2.840.748226581356,ACC361650,X-RAY,KNEE,2023-03-23,Post-injury knee MRI,Northgate General Hospital,Philips,2048,1024,4.9,0.97\1.13,John Pierce,MRN3484601,1970-08-09,M,052Y,Dr. Baker,
STU-00022,1.2.840.172944613643,1.2.840.772180893759,ACC213346,ULTRASOUND,SHOULDER,2024-05-23,Rotator cuff evaluation,Sunstone Medical City,Siemens Healthineers,1024,512,1.4,1.13\0.61,Christina Collins,MRN3970445,1973-09-30,M,050Y,Dr. Carney,
STU-00023,1.2.840.950384363434,1.2.840.1061155081968,ACC910891,ULTRASOUND,SPINE,2024-11-03,Lower back pain evaluation,Harborview Imaging Institute,Philips,2048,2048,2.3,1.18\0.78,Brittany Farmer,MRN9487336,1992-08-01,F,032Y,Dr. Walker,
STU-00024,1.2.840.116128430402,1.2.840.479303623884,ACC462479,MAMMOGRAPHY,HEAD,2024-06-27,Post-trauma head CT,Harborview Imaging Institute,Canon Medical,2048,2048,1.0,1.11\0.47,Mark Diaz,MRN1192619,1938-08-24,F,085Y,Dr. Jones,
STU-00025,1.2.840.734219825197,1.2.840.364731933573,ACC753425,ULTRASOUND,SHOULDER,2023-05-24,Rotator cuff evaluation,Harborview Imaging Institute,Siemens Healthineers,2048,1024,2.8,0.9\0.59,David Caldwell,MRN1028374,1959-01-14,M,064Y,Dr. Lewis,Laura Kennedy - 2023-05-24
STU-00026,1.2.840.420650658919,1.2.840.823247811948,ACC282480,ULTRASOUND,SPINE,2026-09-23,Lower back pain evaluation,Crestline Diagnostics,Philips,1024,2048,4.3,0.57\0.49,Kimberly Dudley,MRN7730428,1991-09-05,M,035Y,Dr. Mueller,PT: Aguirre
STU-00027,1.2.840.991251545653,1.2.840.876000808135,ACC871711,MAMMOGRAPHY,SPINE,2025-08-27,Lower back pain evaluation,Meridian Health Center,Siemens Healthineers,1024,2048,3.5,0.86\0.38,John Daniel,MRN6406444,1966-03-02,F,059Y,Dr. Nunez,
STU-00028,1.2.840.934633304951,1.2.840.80610047913,ACC577538,MRI,CHEST,2025-08-31,Routine chest screening,Sunstone Medical City,GE HealthCare,2048,2048,2.2,0.66\0.43,Danielle Lee,MRN4768844,2000-07-22,M,025Y,Dr. West,David Leblanc - 2025-08-31
STU-00029,1.2.840.1055720613050,1.2.840.569924601388,ACC587115,MRI,PELVIS,2023-12-27,Pelvic pain workup,Northgate General Hospital,GE HealthCare,512,1024,1.1,0.72\0.78,Michele Williams,MRN7700828,1979-06-21,M,044Y,Dr. Ramos,PT: Callahan
STU-00030,1.2.840.948086780919,1.2.840.495959950216,ACC371782,ULTRASOUND,BREAST,2023-11-22,Annual mammography screening,Meridian Health Center,Philips,2048,1024,3.3,0.55\0.37,Tracy House,MRN8425149,1947-02-03,F,076Y,Dr. Allison,
STU-00031,1.2.840.163803069319,1.2.840.421900055512,ACC827659,MAMMOGRAPHY,SHOULDER,2023-06-15,Rotator cuff evaluation,Meridian Health Center,GE HealthCare,512,1024,2.3,0.79\0.67,Brittany Farmer,MRN9487336,1992-08-01,F,030Y,Dr. Gray,
STU-00032,1.2.840.1035112441796,1.2.840.327928307068,ACC890075,ULTRASOUND,LUNG,2025-09-03,Nodule follow-up scan,Sunstone Medical City,Canon Medical,2048,2048,3.8,1.02\1.11,Tyler Cowan,MRN7534336,1950-10-27,M,074Y,Dr. Peters,
STU-00033,1.2.840.735883073006,1.2.840.879090220563,ACC523956,CT,LIVER,2025-03-07,Liver lesion follow-up,Meridian Health Center,Canon Medical,512,2048,2.9,1.12\0.83,Christina Collins,MRN3970445,1973-09-30,M,051Y,Dr. Riley,Amy Silva - 2025-03-07
STU-00034,1.2.840.283683812395,1.2.840.358110524275,ACC321941,ULTRASOUND,HEAD,2024-01-08,Post-trauma head CT,Sunstone Medical City,Philips,1024,1024,1.8,1.16\0.68,Christina Collins,MRN3970445,1973-09-30,M,050Y,Dr. Shaw,
STU-00035,1.2.840.919979248949,1.2.840.682987331574,ACC259784,CT,CHEST,2024-05-21,Routine chest screening,Meridian Health Center,GE HealthCare,1024,2048,1.0,1.15\0.72,Kurt Leonard,MRN1873851,1981-06-18,M,042Y,Dr. Young,
STU-00036,1.2.840.28255235797,1.2.840.343291956406,ACC703766,X-RAY,HEAD,2023-08-10,Post-trauma head CT,Sunstone Medical City,Canon Medical,2048,512,0.8,0.92\0.86,Jennifer Silva,MRN3815034,1947-12-13,M,075Y,Dr. Mills,
STU-00037,1.2.840.470439558680,1.2.840.406568138339,ACC172306,CT,LUNG,2024-12-12,Nodule follow-up scan,Crestline Diagnostics,Philips,512,1024,4.2,0.39\1.16,Michael Evans,MRN6059717,1937-12-18,M,086Y,Dr. Stewart,Jimmy Murillo - 2024-12-12
STU-00038,1.2.840.887408586371,1.2.840.592360247318,ACC912270,PET,BREAST,2024-07-07,Annual mammography screening,Sunstone Medical City,Canon Medical,1024,2048,3.2,0.59\0.52,Angel Lewis MD,MRN8713146,2006-02-24,M,018Y,Dr. Mahoney,
STU-00039,1.2.840.737060762325,1.2.840.370994934123,ACC130094,ULTRASOUND,SPINE,2026-03-13,Lower back pain evaluation,Sunstone Medical City,Philips,512,1024,1.5,1.02\0.61,David Caldwell,MRN1028374,1959-01-14,M,067Y,Dr. Bass,PT: Warner
STU-00040,1.2.840.611983781912,1.2.840.265249297449,ACC824156,MRI,ABDOMEN,2025-04-12,Abdominal pain workup,Sunstone Medical City,Canon Medical,1024,512,0.9,0.5\0.92,Robert Evans,MRN5635017,1954-10-12,M,070Y,Dr. Alvarado,
STU-00041,1.2.840.387967794459,1.2.840.501234945339,ACC384076,PET,PELVIS,2026-02-01,Pelvic pain workup,Harborview Imaging Institute,Philips,512,512,3.7,0.58\0.97,Denise Jacobs,MRN7191135,1965-01-04,F,061Y,Dr. Robbins,Deborah Freeman - 2026-02-01
STU-00042,1.2.840.837418150636,1.2.840.655088327187,ACC396745,X-RAY,LIVER,2026-04-22,Liver lesion follow-up,Northgate General Hospital,GE HealthCare,1024,512,2.1,0.57\0.94,Matthew Foster,MRN6543670,2016-01-12,M,010Y,Dr. Whitehead,
STU-00043,1.2.840.956222369014,1.2.840.540104129762,ACC207570,X-RAY,BREAST,2023-09-16,Annual mammography screening,Northgate General Hospital,Philips,1024,1024,2.5,0.47\0.35,Matthew Gardner,MRN7022674,1980-12-05,F,042Y,Dr. Smith,
STU-00044,1.2.840.693968021638,1.2.840.58782859546,ACC259097,ULTRASOUND,PELVIS,2023-06-01,Pelvic pain workup,Meridian Health Center,Philips,512,512,1.0,0.99\0.85,Kimberly Dudley,MRN7730428,1991-09-05,M,031Y,Dr. Arnold,PT: Patterson
STU-00045,1.2.840.946169927083,1.2.840.1089154422095,ACC549660,ULTRASOUND,PELVIS,2025-06-25,Pelvic pain workup,Harborview Imaging Institute,Siemens Healthineers,2048,2048,0.9,0.99\0.86,Danielle Lee,MRN4768844,2000-07-22,M,024Y,Dr. Mckee,
STU-00046,1.2.840.757849142762,1.2.840.517946475170,ACC405407,CT,HEAD,2025-04-16,Post-trauma head CT,Northgate General Hospital,GE HealthCare,1024,2048,1.8,1.07\0.36,Eric Nolan,MRN3634980,1995-07-11,M,029Y,Dr. Flynn,
STU-00047,1.2.840.64731212366,1.2.840.868296026728,ACC422554,X-RAY,HEAD,2023-10-19,Post-trauma head CT,Crestline Diagnostics,Philips,1024,512,2.6,0.57\0.66,Richard Henson,MRN4318855,1971-08-16,M,052Y,Dr. Russell,
STU-00048,1.2.840.277470837308,1.2.840.98895336689,ACC340044,PET,PELVIS,2024-10-22,Pelvic pain workup,Crestline Diagnostics,Siemens Healthineers,2048,1024,3.1,0.99\0.46,Rita Keith,MRN9284509,1969-09-02,M,055Y,Dr. Johnson,PT: Doyle
STU-00049,1.2.840.448171080147,1.2.840.353618866942,ACC802685,CT,LIVER,2025-08-20,Liver lesion follow-up,Northgate General Hospital,GE HealthCare,1024,1024,3.6,0.56\1.15,Rita Adams,MRN5666692,2001-12-10,F,023Y,Dr. Cobb,PT: Rodriguez
STU-00050,1.2.840.1065649768882,1.2.840.445699699578,ACC639593,X-RAY,SHOULDER,2024-10-24,Rotator cuff evaluation,Northgate General Hospital,Canon Medical,1024,512,1.3,0.63\0.98,Kimberly Dudley,MRN7730428,1991-09-05,M,033Y,Dr. Velasquez,Robert Perez - 2024-10-24
STU-00051,1.2.840.30586292150,1.2.840.695669368396,ACC738448,ULTRASOUND,KNEE,2025-09-19,Post-injury knee MRI,Meridian Health Center,GE HealthCare,1024,2048,0.6,0.67\0.5,Corey Murphy,MRN1865901,1999-05-23,M,026Y,Dr. Lin,
STU-00052,1.2.840.916612551467,1.2.840.1075814143898,ACC595158,MAMMOGRAPHY,KNEE,2024-07-13,Post-injury knee MRI,Meridian Health Center,Canon Medical,2048,512,2.2,1.13\0.76,Ms. Teresa Wilson,MRN2970754,1943-08-03,F,080Y,Dr. Waller,
STU-00053,1.2.840.647842026084,1.2.840.1097707412425,ACC791998,X-RAY,CHEST,2024-09-03,Routine chest screening,Sunstone Medical City,GE HealthCare,1024,2048,2.7,0.6\0.99,Nicholas Edwards,MRN5634662,1972-04-21,F,052Y,Dr. Obrien,
STU-00054,1.2.840.854080072332,1.2.840.49008905874,ACC433632,ULTRASOUND,LUNG,2024-04-23,Nodule follow-up scan,Sunstone Medical City,Canon Medical,1024,2048,4.1,0.89\0.44,April Frost,MRN6398528,2000-10-13,M,023Y,Dr. Ryan,
STU-00055,1.2.840.1002986322660,1.2.840.14847393047,ACC857537,ULTRASOUND,ABDOMEN,2023-07-24,Abdominal pain workup,Meridian Health Center,Canon Medical,2048,512,0.8,1.0\0.54,Michael Evans,MRN6059717,1937-12-18,M,085Y,Dr. Jones,PT: Beck
STU-00056,1.2.840.596452343376,1.2.840.678759018230,ACC171744,PET,SHOULDER,2025-09-26,Rotator cuff evaluation,Meridian Health Center,Philips,512,2048,0.9,1.18\0.98,Elizabeth Parker,MRN2347467,1982-10-30,F,042Y,Dr. Ortiz,Cameron Fisher - 2025-09-26
STU-00057,1.2.840.63548952306,1.2.840.392102028955,ACC493049,CT,CHEST,2024-10-26,Routine chest screening,Sunstone Medical City,GE HealthCare,512,2048,2.4,0.91\0.46,Megan Orr,MRN8443690,2003-10-15,F,021Y,Dr. Gilbert,
STU-00058,1.2.840.1002864844524,1.2.840.157123463473,ACC343467,PET,LUNG,2024-05-08,Nodule follow-up scan,Sunstone Medical City,Philips,1024,1024,3.5,1.11\0.72,Denise Jacobs,MRN7191135,1965-01-04,F,059Y,Dr. Jordan,
STU-00059,1.2.840.467988351366,1.2.840.277842780911,ACC579027,X-RAY,LUNG,2026-08-01,Nodule follow-up scan,Harborview Imaging Institute,GE HealthCare,1024,1024,1.0,0.64\0.62,John Santana,MRN3650391,2016-02-18,F,010Y,Dr. Flynn,
STU-00060,1.2.840.755334712984,1.2.840.819386609179,ACC151426,CT,KNEE,2026-03-05,Post-injury knee MRI,Crestline Diagnostics,Canon Medical,1024,512,3.2,0.62\0.87,Robert Potter,MRN5953150,2022-10-28,F,003Y,Dr. Chambers,PT: Walker
STU-00061,1.2.840.339471735070,1.2.840.484423393396,ACC134985,PET,ABDOMEN,2026-08-16,Abdominal pain workup,Crestline Diagnostics,Philips,2048,512,0.9,0.57\0.97,Rebecca Henderson,MRN2642635,2018-11-02,M,007Y,Dr. Alvarez,
STU-00062,1.2.840.300276140106,1.2.840.183955479193,ACC369452,MAMMOGRAPHY,SHOULDER,2025-10-24,Rotator cuff evaluation,Sunstone Medical City,Philips,2048,1024,4.1,0.72\0.37,Megan Orr,MRN8443690,2003-10-15,F,022Y,Dr. Lee,
STU-00063,1.2.840.135448546713,1.2.840.405680216951,ACC805511,CT,PELVIS,2024-06-25,Pelvic pain workup,Harborview Imaging Institute,Canon Medical,2048,1024,1.0,0.51\0.32,Patricia Rodriguez,MRN7667458,1954-04-13,M,070Y,Dr. Coleman,PT: Thompson
STU-00064,1.2.840.772704936140,1.2.840.714262468039,ACC528129,PET,ABDOMEN,2025-08-08,Abdominal pain workup,Northgate General Hospital,GE HealthCare,512,512,1.9,0.74\0.39,David Caldwell,MRN1028374,1959-01-14,M,066Y,Dr. Wright,PT: Charles
STU-00065,1.2.840.646045230097,1.2.840.802051938183,ACC262029,PET,SHOULDER,2026-01-11,Rotator cuff evaluation,Sunstone Medical City,Siemens Healthineers,1024,2048,2.3,1.16\0.33,Corey Murphy,MRN1865901,1999-05-23,M,026Y,Dr. Travis,
STU-00066,1.2.840.755832329275,1.2.840.598578145774,ACC776149,X-RAY,SPINE,2023-07-23,Lower back pain evaluation,Harborview Imaging Institute,Siemens Healthineers,1024,1024,1.4,0.41\1.06,Rita Adams,MRN5666692,2001-12-10,F,021Y,Dr. Ball,
STU-00067,1.2.840.368451477211,1.2.840.1087672846307,ACC232040,CT,LUNG,2023-04-14,Nodule follow-up scan,Crestline Diagnostics,GE HealthCare,512,2048,1.4,0.49\1.08,Christina Collins,MRN3970445,1973-09-30,M,049Y,Dr. Manning,
STU-00068,1.2.840.726321603086,1.2.840.29491169126,ACC238205,X-RAY,BREAST,2023-12-24,Annual mammography screening,Northgate General Hospital,Philips,512,2048,2.0,0.46\0.35,Kelly Sims,MRN1047572,1990-07-26,M,033Y,Dr. Hill,Devon Flores - 2023-12-24
STU-00069,1.2.840.494389622444,1.2.840.242682139286,ACC744986,MAMMOGRAPHY,SHOULDER,2026-04-30,Rotator cuff evaluation,Northgate General Hospital,Philips,1024,2048,4.8,0.35\0.73,Brenda Hall,MRN2906718,2017-01-31,F,009Y,Dr. Benson,
STU-00070,1.2.840.161526407509,1.2.840.137721056529,ACC388375,CT,ABDOMEN,2024-10-21,Abdominal pain workup,Crestline Diagnostics,Philips,1024,2048,2.9,0.71\0.84,Daniel Fisher,MRN2811298,1962-10-16,F,062Y,Dr. Stein,
STU-00071,1.2.840.371144503217,1.2.840.501769944847,ACC518098,ULTRASOUND,PELVIS,2024-04-12,Pelvic pain workup,Sunstone Medical City,Siemens Healthineers,1024,1024,1.9,0.53\1.16,Aaron Bell,MRN2919549,1941-11-21,M,082Y,Dr. Molina,Jennifer Adkins - 2024-04-12
STU-00072,1.2.840.145220443325,1.2.840.66814103555,ACC714953,CT,PELVIS,2025-02-02,Pelvic pain workup,Crestline Diagnostics,Philips,2048,512,2.3,1.09\1.15,Lindsey Walker,MRN2126310,2014-08-20,M,010Y,Dr. Robinson,
STU-00073,1.2.840.234107554294,1.2.840.722219066762,ACC605612,CT,SHOULDER,2026-03-29,Rotator cuff evaluation,Meridian Health Center,Siemens Healthineers,1024,2048,2.2,0.99\0.82,Christopher Mcdonald,MRN1863121,1988-12-05,F,037Y,Dr. Anderson,
STU-00074,1.2.840.840536690954,1.2.840.1010644393664,ACC456331,MRI,CHEST,2024-07-13,Routine chest screening,Harborview Imaging Institute,Siemens Healthineers,512,512,3.0,0.66\0.43,Marvin Taylor,MRN1440466,1947-11-17,F,076Y,Dr. Murray,Daniel Murphy - 2024-07-13
STU-00075,1.2.840.404402993506,1.2.840.791612454760,ACC440140,ULTRASOUND,PELVIS,2024-11-29,Pelvic pain workup,Crestline Diagnostics,Siemens Healthineers,512,512,1.2,0.86\0.91,Jamie Walton,MRN2539438,1958-06-28,F,066Y,Dr. Decker,
STU-00076,1.2.840.565883171878,1.2.840.378445964518,ACC550797,X-RAY,PELVIS,2024-03-17,Pelvic pain workup,Northgate General Hospital,Philips,2048,2048,3.2,0.77\0.58,Mrs. Marie Harrington DDS,MRN8113787,1962-12-09,F,061Y,Dr. Webster,
STU-00077,1.2.840.318925027836,1.2.840.130258293666,ACC108105,MRI,SPINE,2026-08-12,Lower back pain evaluation,Sunstone Medical City,Canon Medical,512,512,2.2,0.93\0.75,Michael Elliott,MRN1919088,2025-06-17,F,001Y,Dr. Robinson,Carol Lawson - 2026-08-12
STU-00078,1.2.840.347300118003,1.2.840.470624302032,ACC701253,ULTRASOUND,CHEST,2023-06-09,Routine chest screening,Sunstone Medical City,Canon Medical,1024,512,2.3,1.17\0.45,Ashley Weiss,MRN2209226,1975-09-21,F,047Y,Dr. Oconnell,PT: Rodriguez
STU-00079,1.2.840.577245536519,1.2.840.434129483583,ACC425346,ULTRASOUND,SPINE,2026-04-21,Lower back pain evaluation,Harborview Imaging Institute,GE HealthCare,1024,512,0.8,0.87\0.78,Jennifer Espinoza,MRN7070880,2014-02-21,M,012Y,Dr. Jones,
STU-00080,1.2.840.215847739947,1.2.840.662170136218,ACC260295,CT,SPINE,2023-10-27,Lower back pain evaluation,Northgate General Hospital,GE HealthCare,2048,1024,2.6,0.81\0.82,Lindsay Martinez,MRN6861544,1980-11-14,M,042Y,Dr. Riggs,Jeffrey Wood - 2023-10-27
STU-00081,1.2.840.693389003818,1.2.840.873178964946,ACC388016,CT,LIVER,2025-08-18,Liver lesion follow-up,Crestline Diagnostics,Siemens Healthineers,1024,2048,0.8,0.72\0.33,Gloria Atkinson,MRN6422534,1945-05-11,M,080Y,Dr. Short,
STU-00082,1.2.840.871681786757,1.2.840.986721152489,ACC143015,MAMMOGRAPHY,LIVER,2026-02-09,Liver lesion follow-up,Sunstone Medical City,GE HealthCare,1024,2048,2.6,0.44\0.36,Jessica Gross,MRN2287332,1943-09-04,F,082Y,Dr. Sheppard,
STU-00083,1.2.840.485292589726,1.2.840.573481507677,ACC739427,MRI,CHEST,2025-06-15,Routine chest screening,Meridian Health Center,Philips,1024,1024,2.2,1.0\0.91,Nicholas Adams,MRN6761929,2015-01-17,M,010Y,Dr. Christian,
STU-00084,1.2.840.276098308926,1.2.840.939411282895,ACC788457,PET,BREAST,2025-03-02,Annual mammography screening,Crestline Diagnostics,GE HealthCare,1024,512,3.1,0.43\0.61,Leonard Gray,MRN6614484,2017-04-16,M,007Y,Dr. Johnson,Daniel Salinas - 2025-03-02
STU-00085,1.2.840.870347176290,1.2.840.894763993623,ACC234001,MAMMOGRAPHY,KNEE,2025-02-10,Post-injury knee MRI,Crestline Diagnostics,Siemens Healthineers,2048,2048,2.4,0.63\0.63,Spencer Haynes,MRN7575963,2008-12-03,M,016Y,Dr. Hill,
STU-00086,1.2.840.928983353324,1.2.840.110759132777,ACC632351,MRI,HEAD,2023-06-08,Post-trauma head CT,Crestline Diagnostics,Siemens Healthineers,2048,1024,4.4,0.86\0.84,Peter Vaughn DDS,MRN6733317,1963-07-09,M,059Y,Dr. Henry,
STU-00087,1.2.840.451159223644,1.2.840.744593996265,ACC854540,MRI,LUNG,2025-06-15,Nodule follow-up scan,Meridian Health Center,Canon Medical,2048,1024,3.9,1.01\0.51,Nicholas Adams,MRN6761929,2015-01-17,M,010Y,Dr. Torres,
STU-00088,1.2.840.1042295391255,1.2.840.1084781691224,ACC561999,MRI,LIVER,2025-01-23,Liver lesion follow-up,Sunstone Medical City,Philips,1024,2048,2.9,1.17\1.04,Gloria Atkinson,MRN6422534,1945-05-11,M,079Y,Dr. Reese,PT: Rivera
STU-00089,1.2.840.411776196814,1.2.840.1028878918106,ACC207573,PET,CHEST,2025-09-11,Routine chest screening,Crestline Diagnostics,Siemens Healthineers,1024,512,3.9,0.55\1.11,Danielle Lee,MRN4768844,2000-07-22,M,025Y,Dr. Martinez,
STU-00090,1.2.840.551458570697,1.2.840.259304190129,ACC504924,ULTRASOUND,CHEST,2023-04-20,Routine chest screening,Northgate General Hospital,Philips,512,512,1.9,0.39\0.94,Daniel Washington,MRN2538698,1997-02-18,F,026Y,Dr. Hardy,
STU-00091,1.2.840.676236594141,1.2.840.992159999075,ACC183074,PET,HEAD,2025-08-18,Post-trauma head CT,Northgate General Hospital,Philips,512,512,3.0,0.95\0.77,Darren White,MRN3308538,2021-05-07,F,004Y,Dr. Smith,
STU-00092,1.2.840.686309570762,1.2.840.70682764789,ACC216242,ULTRASOUND,SPINE,2026-08-01,Lower back pain evaluation,Sunstone Medical City,Siemens Healthineers,2048,2048,3.1,0.95\0.56,Beth Oneill,MRN4986941,1987-08-08,M,038Y,Dr. Henry,
STU-00093,1.2.840.1048262700697,1.2.840.599259862247,ACC631971,MAMMOGRAPHY,ABDOMEN,2025-01-08,Abdominal pain workup,Crestline Diagnostics,Siemens Healthineers,1024,1024,0.7,0.65\0.64,Anthony Everett,MRN5035998,1952-03-18,M,072Y,Dr. Woods,Benjamin Soto - 2025-01-08
STU-00094,1.2.840.724702463434,1.2.840.114367492808,ACC908977,X-RAY,ABDOMEN,2024-05-08,Abdominal pain workup,Crestline Diagnostics,Philips,512,512,2.1,0.6\0.88,Lindsay Martinez,MRN6861544,1980-11-14,M,043Y,Dr. Brown,Elizabeth Mcknight - 2024-05-08
STU-00095,1.2.840.322281391379,1.2.840.48110466984,ACC929538,PET,ABDOMEN,2025-07-26,Abdominal pain workup,Meridian Health Center,Siemens Healthineers,1024,1024,2.8,1.19\0.79,Phillip Obrien,MRN9028420,1945-07-18,M,080Y,Dr. Gibbs,
STU-00096,1.2.840.858401348691,1.2.840.949393089156,ACC787584,X-RAY,SPINE,2025-01-01,Lower back pain evaluation,Harborview Imaging Institute,Philips,512,1024,2.5,0.66\0.7,Aaron Bell,MRN2919549,1941-11-21,M,083Y,Dr. Dalton,
STU-00097,1.2.840.1015190024875,1.2.840.570360021335,ACC379676,PET,LIVER,2025-10-15,Liver lesion follow-up,Northgate General Hospital,Canon Medical,512,1024,3.2,1.04\0.79,Shawn Arroyo,MRN5641923,2020-09-29,F,005Y,Dr. Singh,
STU-00098,1.2.840.788567255357,1.2.840.182218781039,ACC823270,X-RAY,KNEE,2025-07-02,Post-injury knee MRI,Sunstone Medical City,Philips,1024,512,3.8,1.12\0.85,Jennifer Silva,MRN3815034,1947-12-13,M,077Y,Dr. Moore,
STU-00099,1.2.840.401176618180,1.2.840.882671983350,ACC886325,CT,CHEST,2026-07-29,Routine chest screening,Meridian Health Center,Siemens Healthineers,512,2048,3.6,0.69\0.41,Lindsay Martinez,MRN6861544,1980-11-14,M,045Y,Dr. Wheeler,
STU-00100,1.2.840.407802091871,1.2.840.486929089756,ACC900152,MRI,LUNG,2025-07-10,Nodule follow-up scan,Northgate General Hospital,GE HealthCare,2048,1024,2.3,0.88\0.52,Michael Bradshaw,MRN7145971,1979-03-29,M,046Y,Dr. French,
STU-00101,1.2.840.618103958517,1.2.840.288268588472,ACC912609,MAMMOGRAPHY,LIVER,2025-03-03,Liver lesion follow-up,Harborview Imaging Institute,Canon Medical,512,2048,1.8,1.12\0.74,Shawn Arroyo,MRN5641923,2020-09-29,F,004Y,Dr. Stephens,
STU-00102,1.2.840.98772489942,1.2.840.750805437251,ACC986593,MRI,LIVER,2025-06-30,Liver lesion follow-up,Harborview Imaging Institute,Philips,2048,512,3.0,0.56\0.57,Mark Diaz,MRN1192619,1938-08-24,F,086Y,Dr. Martin,
STU-00103,1.2.840.868600167952,1.2.840.27891611849,ACC478427,MRI,ABDOMEN,2023-10-12,Abdominal pain workup,Crestline Diagnostics,Philips,1024,2048,1.1,1.1\0.36,Michael Lyons,MRN3920762,1979-01-24,M,044Y,Dr. Bender,
STU-00104,1.2.840.352068690122,1.2.840.80068234568,ACC571832,CT,LUNG,2023-09-14,Nodule follow-up scan,Sunstone Medical City,Philips,512,2048,3.4,0.46\1.17,David Davis,MRN9030667,1958-03-20,F,065Y,Dr. Hayden,
STU-00105,1.2.840.1027883001093,1.2.840.247859694204,ACC462831,MRI,KNEE,2023-11-28,Post-injury knee MRI,Crestline Diagnostics,Philips,512,1024,1.4,1.16\0.55,Debra Williams,MRN1929673,2010-01-11,M,013Y,Dr. Avila,Sydney White - 2023-11-28
STU-00106,1.2.840.1037628916245,1.2.840.169997582302,ACC279516,PET,BREAST,2023-12-12,Annual mammography screening,Crestline Diagnostics,Philips,2048,512,4.2,0.33\0.34,Shawn Arroyo,MRN5641923,2020-09-29,F,003Y,Dr. Richards,Brandon Bailey MD - 2023-12-12
STU-00107,1.2.840.977096633354,1.2.840.599694103067,ACC403742,PET,LUNG,2023-03-04,Nodule follow-up scan,Harborview Imaging Institute,Canon Medical,512,2048,2.3,0.71\0.92,Shannon Rivera,MRN5440189,1942-07-05,F,080Y,Dr. Steele,
STU-00108,1.2.840.789679065378,1.2.840.804530337806,ACC462147,MRI,LUNG,2024-10-02,Nodule follow-up scan,Sunstone Medical City,GE HealthCare,1024,2048,3.0,0.59\0.72,Ernest Morris,MRN9124385,1966-07-02,F,058Y,Dr. Cordova,
STU-00109,1.2.840.1057628267530,1.2.840.991558945484,ACC267457,MAMMOGRAPHY,PELVIS,2025-05-06,Pelvic pain workup,Harborview Imaging Institute,Philips,512,512,2.7,0.76\0.75,Jennifer Lopez,MRN3363534,2013-09-07,F,011Y,Dr. Cox,
STU-00110,1.2.840.53055280441,1.2.840.309454714700,ACC618934,MRI,SPINE,2026-04-09,Lower back pain evaluation,Crestline Diagnostics,Canon Medical,1024,2048,0.5,0.4\0.42,Tanya Kim,MRN2510773,1975-01-27,F,051Y,Dr. Wolfe,
STU-00111,1.2.840.395973029385,1.2.840.315908686997,ACC177103,MAMMOGRAPHY,CHEST,2026-02-24,Routine chest screening,Sunstone Medical City,Canon Medical,2048,1024,4.2,0.86\0.85,Juan Tran,MRN7765480,1979-09-18,F,046Y,Dr. Davis,
STU-00112,1.2.840.440273328737,1.2.840.45097491216,ACC147504,MRI,HEAD,2026-05-18,Post-trauma head CT,Northgate General Hospital,GE HealthCare,2048,1024,4.1,0.77\0.43,Kathleen Moran,MRN7608607,1978-04-21,F,048Y,Dr. Hicks,PT: Hill
STU-00113,1.2.840.926593321117,1.2.840.649825263396,ACC452713,ULTRASOUND,HEAD,2026-06-16,Post-trauma head CT,Crestline Diagnostics,Canon Medical,2048,2048,1.8,1.03\0.63,Daniel Fisher,MRN2811298,1962-10-16,F,063Y,Dr. Arnold,Katie Suarez - 2026-06-16
STU-00114,1.2.840.652949477651,1.2.840.289801158279,ACC787436,X-RAY,LUNG,2026-07-12,Nodule follow-up scan,Crestline Diagnostics,GE HealthCare,2048,512,3.1,0.45\0.87,Nicholas Adams,MRN6761929,2015-01-17,M,011Y,Dr. Shields,PT: Hill
STU-00115,1.2.840.17999281655,1.2.840.345491629910,ACC539122,MAMMOGRAPHY,CHEST,2023-08-14,Routine chest screening,Meridian Health Center,Canon Medical,2048,512,2.3,1.0\1.13,Samantha Campbell,MRN7378535,2006-10-21,M,016Y,Dr. Evans,Mrs. Brittany Ryan MD - 2023-08-14
STU-00116,1.2.840.1049319577344,1.2.840.503254986487,ACC659024,MAMMOGRAPHY,LIVER,2025-02-10,Liver lesion follow-up,Harborview Imaging Institute,Philips,2048,2048,3.6,1.02\0.54,Kimberly Gibson,MRN3316639,1959-07-02,F,065Y,Dr. Morris,
STU-00117,1.2.840.1036052914889,1.2.840.1082215410611,ACC412071,MAMMOGRAPHY,KNEE,2024-09-03,Post-injury knee MRI,Harborview Imaging Institute,GE HealthCare,2048,2048,2.7,0.73\0.8,Nicholas Edwards,MRN5634662,1972-04-21,F,052Y,Dr. Rowe,Michele Shepherd - 2024-09-03
STU-00118,1.2.840.985178284877,1.2.840.438001454361,ACC958130,PET,LUNG,2026-01-17,Nodule follow-up scan,Harborview Imaging Institute,GE HealthCare,1024,512,1.8,0.94\0.61,John Daniel,MRN6406444,1966-03-02,F,059Y,Dr. Hughes,
STU-00119,1.2.840.116553699857,1.2.840.814393131662,ACC715336,PET,BREAST,2024-07-10,Annual mammography screening,Meridian Health Center,GE HealthCare,512,2048,4.6,0.5\0.51,Jonathan Lawrence,MRN9037616,1998-06-25,F,026Y,Dr. Kane,
STU-00120,1.2.840.719007192634,1.2.840.970383573878,ACC598807,MAMMOGRAPHY,CHEST,2023-11-20,Routine chest screening,Sunstone Medical City,GE HealthCare,1024,1024,1.8,0.35\0.99,Jennifer Pena,MRN8925622,2012-10-19,M,011Y,Dr. Moore,Gina Schwartz - 2023-11-20
